<?xml version="1.0" encoding="utf-8"?>
<prefix name="iflychat" label="iFlyChat" language_tag="en" language_label="English">
    <key name="iflychat_setting_page">
        <value>iFlyChat Settings Page</value>
    </key>
    <key name="settings_updated">
        <value>Settings updated</value>
    </key>
    <key name="admin_index_form_save_error_message">
        <value>Please fill hte form correctly</value>
    </key>
<key name="MOD_IFLYCHAT_ENABLE_MOBILE_BROWSER_APP">
        <value>Enable Mobile Browser App</value>
    </key>
<key name="MOD_IFLYCHAT_ENABLE_MOBILE_BROWSER_APP_DESC">
        <value>Enable browser based Mobile app</value>
    </key>
<key name="MOD_IFLYCHAT_ENABLE_FILE_ATTACHMENT">
        <value>Enable File Attachment</value>
    </key>
<key name="MOD_IFLYCHAT_ENABLE_FILE_ATTACHMENT_DESC">
        <value>Select whether to allow user to share or upload file in chat</value>
    </key>
<key name="auth_group_label">
        <value>iFlyChat</value>
    </key>
<key name="auth_action_label_chat">
        <value>Access iFlyChat</value>
    </key>
<key name="auth_action_label_admin">
        <value>iFlyChat Administer</value>
    </key>
<key name="MOD_BAN">
        <value>Ban</value>
    </key>
<key name="MOD_BAN_IP">
        <value>Ban IP</value>
    </key>
<key name="MOD_KICK">
        <value>Kick</value>
    </key>
<key name="MOD_BANNED_USERS">
        <value>Banned Users</value>
    </key>
<key name="MOD_NO_BAN">
        <value>No users have been banned currently.</value>
    </key>
<key name="MOD_LOADING">
        <value>Loading banned user list...</value>
    </key>
<key name="MOD_MANAGE_ROOMS">
        <value>Manage Rooms</value>
    </key>
<key name="MOD_UNBAN">
        <value>Unban</value>
    </key>
<key name="MOD_UNBAN_IP">
        <value>Unban IP</value>
    </key>
    <key name="MOD_IFLYCHAT_API_KEY">
        <value>iFlyChat API Key</value>
    </key>
    <key name="MOD_IFLYCHAT_API_KEY_DESC">
        <value>Please enter the API key by registering at www.iFlyChat.com.</value>
    </key>
    <key name="MOD_IFLYCHAT_SHOW_ADMIN_LIST">
        <value>Select which chat software to use</value>
    </key>
    <key name="MOD_IFLYCHAT_SHOW_ADMIN_LIST_DESC">
        <value>In Community chat, users with administer permission are considered as chat moderators/administrators. And, in Support chat, users with administer_iflychat permission are considered as support staff.</value>
    </key>
    <key name="MOD_IFLYCHAT_THEME">
        <value>Theme</value>
    </key>
    <key name="MOD_IFLYCHAT_THEME_DESC">
        <value>All themes from inside the themes folder will be displayed here.</value>
    </key>
    <key name="MOD_IFLYCHAT_NOTIFICATION_SOUND">
        <value>Enable Notification Sound</value>
    </key>
    <key name="MOD_IFLYCHAT_NOTIFICATION_SOUND_DESC">
        <value>Select whether to play notification sound when a new message is received.</value>
    </key>
    <key name="MOD_IFLYCHAT_USER_PICTURE">
        <value>Enable User Pictures</value>
    </key>
    <key name="MOD_IFLYCHAT_USER_PICTURE_DESC">
        <value>Select whether to show user pictures in chat.</value>
    </key>
    <key name="MOD_IFLYCHAT_ENABLE_SMILEYS">
    <value>Enable Smileys</value>
    </key>
    <key name="MOD_IFLYCHAT_ENABLE_SMILEYS_DESC">
        <value>Select whether to show smileys.</value>
    </key>
    <key name="MOD_IFLYCHAT_LOG_MESSAGES">
        <value>Log chat messages</value>
    </key>
    <key name="MOD_IFLYCHAT_LOG_MESSAGES_DESC">
    <value>Select whether to log chat messages, which can be later viewed in message inbox.</value>
    </key>
    <key name="MOD_IFLYCHAT_ANON_PREFIX">
        <value>Prefix to be used with anonymous users</value>
    </key>
    <key name="MOD_IFLYCHAT_ANON_PREFIX_DESC">
        <value>Please specify the prefix to be used with anonymous users. It shouldn't be long. Ideally it should be between 4 to 7 characters.</value>
    </key>
    <key name="MOD_IFLYCHAT_ANON_USE_NAME">
    <value>Use random name or number for anonymous user</value>
    </key>
    <key name="MOD_IFLYCHAT_ANON_USE_NAME_DESC">
        <value>Select whether to use random generated name or number to assign to a new anonymous user.</value>
    </key>
    <key name="MOD_IFLYCHAT_ANON_CHANGE_NAME">
        <value>Allow anonymous user to set his/her name</value>
    </key>
    <key name="MOD_IFLYCHAT_ANON_CHANGE_NAME_DESC">
        <value>Select whether to allow anonymous user to be able to change his/her name.</value>
    </key>
    <key name="MOD_IFLYCHAT_LOAD_CHAT_ASYNC">
        <value>Load chat asynchronously</value>
    </key>
    <key name="MOD_IFLYCHAT_LOAD_CHAT_ASYNC_DESC">
        <value>Select whether to load chat asynchronously or not.</value>
    </key>
    <key name="MOD_IFLYCHAT_SUPPORT_CHAT_INIT_LABEL">
        <value>Support Chat - Start Button Label</value>
    </key>
    <key name="MOD_IFLYCHAT_SUPPORT_CHAT_INIT_LABEL_DESC">
        <value>The label for Start Chat button, which when clicked upon will launch chat.</value>
    </key>
    <key name="MOD_IFLYCHAT_SUPPORT_CHAT_BOX_HEADER">
        <value>Support Chat Box Header</value>
    </key>
    <key name="MOD_IFLYCHAT_SUPPORT_CHAT_BOX_HEADER_DESC">
        <value>This is the text that will appear as header of chat box.</value>
    </key>
    <key name="MOD_IFLYCHAT_SUPPORT_CHAT_BOX_COMPANY_NAME">
        <value>Support Team/Company Name</value>
    </key>
    <key name="MOD_IFLYCHAT_SUPPORT_CHAT_BOX_COMPANY_NAME_DESC">
        <value>Name of your team or company which the visitors will see in the chat box.</value>
    </key>
    <key name="MOD_IFLYCHAT_SUPPORT_CHAT_BOX_COMPANY_TAGLINE">
        <value>Support Tagline Label</value>
    </key>
    <key name="MOD_IFLYCHAT_SUPPORT_CHAT_BOX_COMPANY_TAGLINE_DESC">
    <value>Your team/company tagline.</value>
    </key>
    <key name="MOD_IFLYCHAT_SUPPORT_CHAT_AUTO_GREET_ENABLE">
        <value>Support Chat - Enable Auto Greeting Message</value>
    </key>
    <key name="MOD_IFLYCHAT_SUPPORT_CHAT_AUTO_GREET_MESSAGE">
        <value>Support Chat - Auto Greeting Message</value>
    </key>
    <key name="MOD_IFLYCHAT_SUPPORT_CHAT_AUTO_GREET_MESSAGE_DESC">
        <value>This is the text of an auto greeting message which will be displayed to visitors.</value>
    </key>
<key name="MOD_IFLYCHAT_SUPPORT_CHAT_AUTO_GREET_TIME">
        <value>Support Chat - Auto Greet Message Time Delay</value>
    </key>
<key name="MOD_IFLYCHAT_SUPPORT_CHAT_AUTO_GREET_TIME_DESC">
        <value>The delay, in seconds, after which the first time visitors will be shown auto greeting message.</value>
    </key>
    <key name="MOD_IFLYCHAT_SUPPORT_CHAT_INIT_LABEL_OFF">
        <value>Support Chat - Leave Message Button Label</value>
    </key>
    <key name="MOD_IFLYCHAT_SUPPORT_CHAT_INIT_LABEL_OFF_DESC">
        <value>The label for Leave Message button, which when clicked upon will offline form.</value>
    </key>
    <key name="MOD_IFLYCHAT_SUPPORT_CHAT_OFFLINE_MESSAGE_DESC">
    <value>Support Chat - Offline Message Description</value>
    </key>
    <key name="MOD_IFLYCHAT_SUPPORT_CHAT_OFFLINE_MESSAGE_DESC_DESC">
        <value>This is the description shown in Support Chat Offline window.</value>
    </key>
    <key name="MOD_IFLYCHAT_SUPPORT_CHAT_OFFLINE_MESSAGE_LABEL">
        <value>Support Chat - Offline Message Label</value>
    </key>
    <key name="MOD_IFLYCHAT_SUPPORT_CHAT_OFFLINE_MESSAGE_LABEL_DESC">
        <value>This is the label for the Message textarea in Support Chat Offline window.</value>
    </key>
    <key name="MOD_IFLYCHAT_SUPPORT_CHAT_OFFLINE_MESSAGE_CONTACT">
        <value>Support Chat - Offline Contact Details Label</value>
    </key>
    <key name="MOD_IFLYCHAT_SUPPORT_CHAT_OFFLINE_MESSAGE_CONTACT_DESC">
        <value>This is the label for the Contact Details textarea in Support Chat Offline window.</value>
    </key>
    <key name="MOD_IFLYCHAT_SUPPORT_CHAT_OFFLINE_MESSAGE_SEND_BUTTON">
        <value>Support Chat - Offline Send Button Label</value>
    </key>
    <key name="MOD_IFLYCHAT_SUPPORT_CHAT_OFFLINE_MESSAGE_SEND_BUTTON_DESC">
        <value>This is the label for the Send Button textarea in Support Chat Offline window.</value>
    </key>
    <key name="MOD_IFLYCHAT_SUPPORT_CHAT_OFFLINE_MESSAGE_EMAIL">
        <value>Support Chat - Email(s) to which mail offline messages should be sent</value>
    </key>
    <key name="MOD_IFLYCHAT_SUPPORT_CHAT_OFFLINE_MESSAGE_EMAIL_DESC">
    <value>Enter all email ids (separated by comma) to which notification should be sent when a user leaves a message via Offline Form</value>
    </key>
    <key name="MOD_IFLYCHAT_ENABLE_CHATROOM">
    <value>Enable Public Chatroom</value>
    </key>
    <key name="MOD_IFLYCHAT_STOP_WORD_LIST">
        <value>Stop Words (separated by comma)</value>
    </key>
    <key name="MOD_IFLYCHAT_USE_STOP_WORD_LIST">
    <value>Use Stop Words to filter chat</value>
    </key>
    <key name="MOD_IFLYCHAT_USE_STOP_WORD_LIST_DESC">
        <value>Select whether to use stop words(entered above) for filtering</value>
    </key>
    <key name="MOD_IFLYCHAT_STOP_LINKS">
        <value>Allow/Block hyperlinks</value>
    </key>
    <key name="MOD_IFLYCHAT_STOP_LINKS_DESC">
        <value>Select whether to allow/block hyperlinks posted in chats</value>
    </key>
    <key name="MOD_IFLYCHAT_ALLOW_RENDER_IMAGES">
        <value>Render image and video hyperlinks inline</value>
    </key>
    <key name="MOD_IFLYCHAT_ALLOW_RENDER_IMAGES_DESC">
        <value>Select whether to render image and video hyperlinks inline in chat.</value>
    </key>
    <key name="MOD_IFLYCHAT_ALLOW_ANON_LINKS">
        <value>Apply above defined block hyperlinks settings only to anonymous users</value>
    </key>
    <key name="MOD_IFLYCHAT_ALLOW_ANON_LINKS_DESC">
        <value>Select whether to apply above defined block hyperlinks setting only to anonymous users.</value>
    </key>
    <key name="MOD_IFLYCHAT_ALLOW_SINGLE_MESSAGE_DELETE">
        <value>Allow users to delete messages selectively when in private conversation</value>
    </key>
    <key name="MOD_IFLYCHAT_ALLOW_SINGLE_MESSAGE_DELETE_DESC">
        <value>Select whether to apply above defined block hyperlinks setting only to anonymous users.</value>
    </key>
    <key name="MOD_IFLYCHAT_ALLOW_CLEAR_ROOM_HISTORY">
        <value>Allow users to clear all messages in a room</value>
    </key>
    <key name="MOD_IFLYCHAT_ALLOW_CLEAR_ROOM_HISTORY_DESC">
        <value>Select whether to allow users to clear all messages in a room</value>
    </key>
    <key name="MOD_IFLYCHAT_ALLOW_USER_FONT_COLOR">
        <value>Allow users to set color of their name in a room</value>
    </key>
    <key name="MOD_IFLYCHAT_ALLOW_USER_FONT_COLOR_DESC">
        <value>Select whether to allow users to set color of their name in a room.</value>
    </key>
    <key name="MOD_IFLYCHAT_PATH_VISIBILITY">
        <value>Show iFlyChat on specific pages</value>
    </key>
    <key name="MOD_IFLYCHAT_PATH_PAGES">
        <value>Show iFlyChat on specific pages</value>
    </key>
<key name="MOD_IFLYCHAT_PATH_PAGES_DESC">
        <value>Specify pages by using their paths. Enter one path per line. The '*' character is a wildcard. Example paths are blog for the blog page and blog * for every personal blog. If the PHP option is chosen, enter PHP code between php tags. Note that executing incorrect PHP code can break your site.</value>
    </key>
    
    <key name="MOD_IFLYCHAT_CHAT_TOPBAR_COLOR">
        <value>Chat Top Bar Color</value>
    </key>
    <key name="MOD_IFLYCHAT_CHAT_TOPBAR_COLOR_DESC">
        <value>Choose the color of the top bar in the chat.</value>
    </key>
    <key name="MOD_IFLYCHAT_CHAT_TOPBAR_TEXT_COLOR">
    <value>Chat Top Bar Text Color</value>
    </key>
    <key name="MOD_IFLYCHAT_CHAT_TOPBAR_TEXT_COLOR_DESC">
        <value>Choose the color of the text in top bar in the chat.</value>
    </key>
    <key name="MOD_IFLYCHAT_FONT_COLOR">
        <value>Chat Font Color</value>
    </key>
    <key name="MOD_IFLYCHAT_FONT_COLOR_DESC">
    <value>Choose the color of the text in the chat.</value>
    </key>
    <key name="MOD_IFLYCHAT_PUBLIC_CHATROOM_HEADER">
    <value>Public Chatroom Header</value>
    </key>
    <key name="MOD_IFLYCHAT_PUBLIC_CHATROOM_HEADER_DESC">
        <value>This is the text that will appear in header of public chatroom.</value>
    </key>
    <key name="MOD_IFLYCHAT_CHAT_LIST_CHATROOM_HEADER">
        <value>A Chat List Header</value>
    </key>
    <key name="MOD_IFLYCHAT_CHAT_LIST_CHATROOM_HEADER_DESC">
        <value>This is the text that will appear in header of chat list.</value>
    </key>
    <key name="MOD_IFLYCHAT_MINIMIZE_CHAT_USER_LIST">
        <value>Minimize online user list by default</value>
    </key>
    <key name="MOD_IFLYCHAT_MINIMIZE_CHAT_USER_LIST_DESC">
        <value>Select whether to minimize online user list in chat by default.</value>
    </key>
    <key name="MOD_IFLYCHAT_ENABLE_SEARCH_BAR">
        <value>Show search bar in online user list</value>
    </key>
    <key name="MOD_IFLYCHAT_ENABLE_SEARCH_BAR_DESC">
        <value>Select whether to show search bar in online user list.</value>
    </key>
<key name="MOD_IFLYCHAT_ENABLE_FRIENDS">
        <value>Enable Friends</value>
    </key>
<key name="MOD_IFLYCHAT_ENABLE_FRIENDS_DESC">
        <value>Show only friends in online user list.</value>
    </key>
    
    <key name="MOD_GO_ONLINE">
        <value>Go Online</value>
    </key>
    <key name="MOD_GO_IDLE">
        <value>Go Idle</value>
    </key>
    <key name="MOD_NEW_CHAT_MESSAGE">
        <value>New chat message!</value>
    </key>
    <key name="MOD_USER_CURRENTLY_OFFLINE">
        <value>User is currently offline.</value>
    </key>
    <key name="MOD_USER_IS_TYPING">
        <value>drupalchat_user is typing...</value>
    </key>
    <key name="MOD_CLOSE">
        <value>Close</value>
    </key>
    <key name="MOD_MINIMIZE">
        <value>Minimize</value>
    </key>
    <key name="MOD_CLICK_TO_MUTE">
        <value>Click to Mute</value>
    </key>
    <key name="MOD_CLICK_TO_UNMUTE">
        <value>Click to Unmute</value>
    </key>
    <key name="MOD_AVAILABLE">
        <value>Available</value>
    </key>
    <key name="MOD_IDLE">
        <value>Idle</value>
    </key>
    <key name="MOD_BUSY">
        <value>Busy</value>
    </key>
    <key name="MOD_OFFLINE">
        <value>Offline</value>
    </key>
    <key name="MOD_LOAD_MORE_MESSAGES">
        <value>Load More Messages</value>
    </key>
    <key name="MOD_NO_MORE_MESSAGES">
        <value>No More Messages</value>
    </key>
    <key name="MOD_CLEAR_ALL_MESSAGES">
        <value>Clear all messages</value>
    </key>
    <key name="MOD_TYPE_AND_PRESS_ENTER">
        <value>Type and Press Enter</value>
    </key>
    <key name="MOD_TYPE_HERE_TO_SEARCH">
        <value>Type here to search</value>
    </key>


</prefix>