<?xml version="1.0" encoding="utf-8"?>
<prefix name="iflychat" label="iFlyChat" language_tag="en" language_label="English">
   
<key name="auth_group_label">
        <value>iFlyChat</value>
    </key>
<key name="auth_action_label_chat">
        <value>Access iFlyChat</value>
    </key>
<key name="auth_action_label_admin">
        <value>iFlyChat Administer</value>
    </key>

<key name="iflychat_setting_page">
        <value>iFlyChat Settings Page</value>
    </key>
    <key name="settings_updated">
        <value>Settings updated</value>
    </key>
    <key name="admin_index_form_save_error_message">
        <value>Please fill the form correctly</value>
    </key>
 
   
    <key name="MOD_IFLYCHAT_API_KEY">
        <value>iFlyChat API Key</value>
    </key>
    <key name="MOD_IFLYCHAT_API_KEY_DESC">
        <value>Please enter the API key by registering at www.iFlyChat.com.</value>
    </key>
<key name="MOD_IFLYCHAT_APP_ID">
        <value>iFlyChat App Id</value>
    </key>
<key name="MOD_IFLYCHAT_APP_ID_DESC">
        <value>Please enter the App Id by registering at www.iFlyChat.com. </value>
    </key>
<key name="MOD_IFLYCHAT_SHOW_POPUP_CHAT">
        <value>Show pop up chat</value>
    </key>
<key name="MOD_IFLYCHAT_SHOW_POPUP_CHAT_DESC">
        <value>Select where to show the pop up chat.</value>
    </key>
    <key name="MOD_IFLYCHAT_PATH_VISIBILITY">
        <value>Show iFlyChat on specific pages</value>
    </key>
    <key name="MOD_IFLYCHAT_PATH_PAGES">
        <value>Show iFlyChat on specific pages</value>
    </key>
    <key name="MOD_IFLYCHAT_PATH_PAGES_DESC">
        <value>Specify pages by using their paths. Enter one path per line. The '*' character is a wildcard. Example paths are blog for the blog page and blog * for every personal blog. If the PHP option is chosen, enter PHP code between php tags. Note that executing incorrect PHP code can break your site.</value>
    </key>
 <key name="MOD_IFLYCHAT_BUTTON_DESCRIPTION">
        <value>Open App Dashboard in new tab</value>
    </key>


    <key name="MOD_IFLYCHAT_ENABLE_FRIENDS">
        <value>Enable Friends</value>
    </key>
    <key name="MOD_IFLYCHAT_ENABLE_FRIENDS_DESC">
        <value>Show only friends in online user list.</value>
    </key>

  <key name="MOD_IFLYCHAT_MODERATORS">
        <value>iFLyChat Moderators</value>
    </key>
  <key name="MOD_IFLYCHAT_MODERATORS_DESC">
        <value>Specify Oxwall username of users who should be chat moderators(separated by comma).</value>
    </key>
 <key name="MOD_IFLYCHAT_ADMINISTERS">
        <value>iFLyChat Administers</value>
    </key>
  <key name="MOD_IFLYCHAT_ADMINISTERS_DESC">
        <value>Specify Oxwall username of users who should be chat admins(separated by comma).</value>
    </key>
  <key name="Embed_chat_Description">
        <value>Tutorial for adding embed chat view</value>
    </key>
 <key name="Embed_chat_button_Description">
        <value>View Tutorial for Embed Chat</value>
    </key>
</prefix>